id,product_name,product_price,quantity,product_photo
640,Mushroom Button,73.00,200 g,"https://cdn.zeptonow.com/production/tr:w-640,ar-3000-3000,pr-true,f-auto,q-80/cms/product_variant/7f62bac8-cfd5-4871-b806-608b16de685c.jpeg"
641,Fresh Onion,44.00,1 Pack / 900 -1000 gm,"https://cdn.zeptonow.com/production/tr:w-640,ar-3000-3000,pr-true,f-auto,q-80/cms/product_variant/74325fc4-5b13-4bbb-98a8-cd25df7167e6.jpeg"
642,Tomato Local,32.00,500 g,"https://cdn.zeptonow.com/production/tr:w-640,ar-3000-3000,pr-true,f-auto,q-80/cms/product_variant/270711b9-d545-44a6-a984-98e0fae2cd55.jpeg"
643,Fresh Potato,48.00,1 Pack / 900 - 1000 gm,"https://cdn.zeptonow.com/production/tr:w-640,ar-3000-3000,pr-true,f-auto,q-80/cms/product_variant/d544e910-2ee7-44ab-b3a4-7a0b48e37de4.jpeg"
644,Beans Haricot,24.00,250 g,"https://cdn.zeptonow.com/production/tr:w-640,ar-3000-3000,pr-true,f-auto,q-80/cms/product_variant/153b1b68-bcff-48b8-9a85-78005c751cfd.jpeg"
645,Lady Finger,53.00,500 g,"https://cdn.zeptonow.com/production/tr:w-640,ar-3000-3000,pr-true,f-auto,q-80/cms/product_variant/0106346e-a7ef-497b-a9ff-18da5cb8d602.jpeg"
646,Capsicum Green,32.00,2 pcs,"https://cdn.zeptonow.com/production/tr:w-640,ar-3000-3000,pr-true,f-auto,q-80/cms/product_variant/306748be-1d90-49d8-9971-0ce3eae190a8.jpg"
647,Cauliflower,43.00,300 g,"https://cdn.zeptonow.com/production/tr:w-640,ar-3000-3000,pr-true,f-auto,q-80/cms/product_variant/41dac350-b4a0-434a-9653-2ea45fe9887e.jpeg"
648,Carrot Local,53.00,500 g,"https://cdn.zeptonow.com/production/tr:w-640,ar-500-336,pr-true,f-auto,q-80/inventory/product/7ae21cf6-2ac9-48c8-8e6f-cf27edc2aaaa-7de8a131-bfb2-4121-8615-dad1dc0306ae.jpeg"
649,Beetroot,31.00,500 g,"https://cdn.zeptonow.com/production/tr:w-640,ar-1000-782,pr-true,f-auto,q-80/inventory/product/e150db5d-0552-4224-a892-a344d0b88cd7-4534c407-b3fd-4445-9659-f8f7f4bb2c43.jpeg"
650,Tomato Hybrid,23.00,500 g,"https://cdn.zeptonow.com/production/tr:w-640,ar-3000-3000,pr-true,f-auto,q-80/cms/product_variant/7bbe0190-8366-4712-afa4-feb0566bf2e0.jpeg"
651,Bottle Gourd,43.00,1 pc,"https://cdn.zeptonow.com/production/tr:w-640,ar-3000-3000,pr-true,f-auto,q-80/cms/product_variant/28492958-f4c6-4364-9e19-bb25bfbdcf29.jpeg"
652,Carrot Local,27.00,250 g,"https://cdn.zeptonow.com/production/tr:w-640,ar-500-336,pr-true,f-auto,q-80/cms/product_variant/a46ed394-2fa5-4b46-9893-21b7eefba5f3.jpeg"
653,Cabbage,29.00,600 g,"https://cdn.zeptonow.com/production/tr:w-640,ar-3000-3000,pr-true,f-auto,q-80/cms/product_variant/5f90fc05-f68d-407a-a980-ec5099bb0080.jpeg"
654,Cucumber English,22.00,500 g,"https://cdn.zeptonow.com/production/tr:w-640,ar-3000-3000,pr-true,f-auto,q-80/cms/product_variant/39bfde0b-312d-4e0e-be31-54756dd0ef0a.jpeg"
655,Brinjal Small,27.00,500 g,"https://cdn.zeptonow.com/production/tr:w-640,ar-1000-1000,pr-true,f-auto,q-80/inventory/product/70c21b43-7808-45a0-9189-a1ab36bf648f-8b0dc295-f340-4895-98eb-15aee4f56a8a.jpeg"
656,Coccinia,15.00,250 g,"https://cdn.zeptonow.com/production/tr:w-640,ar-3000-3000,pr-true,f-auto,q-80/cms/product_variant/861d72e4-8ff2-4e82-8990-98f4860c5198.jpeg"
657,Cucumber Green,38.00,3 Pcs (700 - 900 g),"https://cdn.zeptonow.com/production/tr:w-640,ar-3000-3000,pr-true,f-auto,q-80/cms/product_variant/ed004a4e-aa3d-4f83-97f6-6aaf4ef31add.jpeg"
658,Sweet Corn,45.00,2 pcs,"https://cdn.zeptonow.com/production/tr:w-640,ar-3000-3000,pr-true,f-auto,q-80/cms/product_variant/1d1fc004-5613-4c60-949f-9c4ad520caad.jpeg"
659,Sweet Potato,54.00,500 g,"https://cdn.zeptonow.com/production/tr:w-640,ar-3000-3000,pr-true,f-auto,q-80/cms/product_variant/99406a47-1d72-4908-b073-06c0e956a717.jpeg"
660,Tomato Local,23.00,250 g,"https://cdn.zeptonow.com/production/tr:w-640,ar-3000-3000,pr-true,f-auto,q-80/cms/product_variant/98df9311-7dc6-44ab-92e6-fca8fdd4f23c.jpeg"
661,Beans French,47.00,250 g,"https://cdn.zeptonow.com/production/tr:w-640,ar-3000-3000,pr-true,f-auto,q-80/cms/product_variant/683a3e3a-b99c-40dc-82a7-3ab1c29488a2.jpeg"
662,Bitter Gourd,51.00,500 g,"https://cdn.zeptonow.com/production/tr:w-640,ar-3000-3000,pr-true,f-auto,q-80/cms/product_variant/1ba8df4b-31cb-43be-a0fb-aee8372fe196.jpeg"
663,Brinjal Bharta 2pc,42.00,2 piece,"https://cdn.zeptonow.com/production/tr:w-640,ar-3100-2500,pr-true,f-auto,q-80/cms/product_variant/b4224711-c8c7-474d-8c87-421661767297.jpg"
664,Ridge Gourd,60.00,2 Pcs,"https://cdn.zeptonow.com/production/tr:w-640,ar-3000-3000,pr-true,f-auto,q-80/cms/product_variant/7ce05933-1502-48a0-95e8-accab3f05a1c.jpeg"
665,Radish White,30.00,500 g,"https://cdn.zeptonow.com/production/tr:w-640,ar-3000-3000,pr-true,f-auto,q-80/cms/product_variant/38a20030-ec6a-4145-abd6-7cc860939370.jpeg"
666,Lady Finger,37.00,250 g,"https://cdn.zeptonow.com/production/tr:w-640,ar-3000-3000,pr-true,f-auto,q-80/cms/product_variant/f1e25fb6-7ade-4a4f-8b76-ba6988b773bb.jpg"
667,Radish White,26.00,250 g,"https://cdn.zeptonow.com/production/tr:w-640,ar-3000-3000,pr-true,f-auto,q-80/cms/product_variant/d4bb6f24-bfdf-41a4-b812-d0b78c4c0fd5.jpeg"
668,Drumsticks,53.00,4 x (180 - 220 g),"https://cdn.zeptonow.com/production/tr:w-640,ar-3000-3000,pr-true,f-auto,q-80/cms/product_variant/0d8b5575-1d97-44f8-9ecb-2ef2ab15cf23.jpeg"
669,Banana Raw,96.00,500 g,"https://cdn.zeptonow.com/production/tr:w-640,ar-3000-3000,pr-true,f-auto,q-80/cms/product_variant/067b5bdf-f963-4623-b222-3bd4beed174c.jpeg"
487,Banana Elaichi / Yelakki,39.00,3 Pcs,"https://cdn.zeptonow.com/production/tr:w-640,ar-3000-3000,pr-true,f-auto,q-80/cms/product_variant/6f5e667b-dad6-4f4f-8fe4-e4d8389930da.jpeg"
488,Banana Robusta,53.00,4 pcs,"https://cdn.zeptonow.com/production/tr:w-640,ar-3000-3000,pr-true,f-auto,q-80/cms/product_variant/f35152f8-31b1-4450-ae76-fe0f8893005a.jpeg"
489,Snacky Avocado,55.00,1 piece,"https://cdn.zeptonow.com/production/tr:w-640,ar-3000-3000,pr-true,f-auto,q-80/cms/product_variant/366753e0-f787-4c3a-9774-391a42be1567.jpeg"
490,Jamun,46.00,250 g,"https://cdn.zeptonow.com/production/tr:w-640,ar-2000-2000,pr-true,f-auto,q-80/cms/product_variant/294fdf76-bc2e-481f-839a-f22bf37d23cb.jpeg"
491,Banana Elaichi / Yelakki,85.00,500 g,"https://cdn.zeptonow.com/production/tr:w-640,ar-3000-3000,pr-true,f-auto,q-80/cms/product_variant/c1090b9c-d3f9-43d9-a46e-70ff482990b2.jpeg"
492,Apple Royal Gala,190.00,4 x (500 - 540 g),"https://cdn.zeptonow.com/production/tr:w-640,ar-3000-3000,pr-true,f-auto,q-80/cms/product_variant/9f4bf44a-a214-401c-8092-1d4593bffacb.jpeg"
493,Avocado Hass Imported,79.00,1 pc,"https://cdn.zeptonow.com/production/tr:w-640,ar-3000-3000,pr-true,f-auto,q-80/cms/product_variant/e41deafb-f7f0-4c9a-9bcd-f5ef523df4ad.jpeg"
494,Watermelon Kiran(Tarbooj),127.00,1 pc (2.3 - 3.8 kg),"https://cdn.zeptonow.com/production/tr:w-640,ar-3000-3000,pr-true,f-auto,q-80/cms/product_variant/d684d49f-850e-4c4a-bed3-2f5ec4ba9c3c.jpeg"
495,Coconut Big,86.00,1 pc,"https://cdn.zeptonow.com/production/tr:w-640,ar-3000-3000,pr-true,f-auto,q-80/cms/product_variant/cf5d5cc8-dcb1-405e-8f37-4af6e603851f.jpeg"
496,Muskmelon,51.00,600 - 800 g,"https://cdn.zeptonow.com/production/tr:w-640,ar-2924-3000,pr-true,f-auto,q-80/cms/product_variant/3adc39a4-e8dc-4da5-84e8-872396a75bdc.jpeg"
497,Papaya,75.00,600 g - 1.2 kg,"https://cdn.zeptonow.com/production/tr:w-640,ar-3000-3000,pr-true,f-auto,q-80/cms/product_variant/2d835650-5530-4e70-bb6f-2876f65610fc.jpeg"
498,Tender Coconut,87.00,1 pc,"https://cdn.zeptonow.com/production/tr:w-640,ar-3000-3000,pr-true,f-auto,q-80/cms/product_variant/4bdbf9f5-023b-4d38-a1c6-f8a37c73759a.jpeg"
499,Gooseberry (Amla),70.00,250 g,"https://cdn.zeptonow.com/production/tr:w-640,ar-3000-3000,pr-true,f-auto,q-80/cms/product_variant/a5d2dffb-fbe0-49b4-8ef9-5a2b3b03e502.jpeg"
500,Mosambi,62.00,500 g,"https://cdn.zeptonow.com/production/tr:w-640,ar-3000-3000,pr-true,f-auto,q-80/cms/product_variant/db426c6b-fbf9-48e2-ac55-cc53f78de3b8.jpeg"
501,Grapes Bangalore Blue,61.00,500 g,"https://cdn.zeptonow.com/production/tr:w-640,ar-500-357,pr-true,f-auto,q-80/inventory/product/640a9531-ad5a-4e2a-88cc-3ab461154895-d1edf8d4-76cb-450e-836b-8ceaaa79025d.jpeg"
502,Pomegranate,251.00,4 x (720 - 820 g),"https://cdn.zeptonow.com/production/tr:w-640,ar-3000-3000,pr-true,f-auto,q-80/cms/product_variant/c643a754-bc83-469a-9cae-cce85260528d.jpeg"
503,Banana Nendran,72.00,500 g,"https://cdn.zeptonow.com/production/tr:w-640,ar-3000-3000,pr-true,f-auto,q-80/cms/product_variant/5a22eec9-fbe7-4ba2-b603-d0f6e1217a98.jpeg"
504,Kiwi Green,145.00,3 pcs,"https://cdn.zeptonow.com/production/tr:w-640,ar-3000-3000,pr-true,f-auto,q-80/cms/product_variant/784828da-e695-4bdb-91e6-15956b5411bc.jpeg"
505,Mango Mallika,171.00,1 kg,"https://cdn.zeptonow.com/production/tr:w-640,ar-500-500,pr-true,f-auto,q-80/inventory/product/8f43cb1b-4195-4755-b716-ff999a72ce74-a47a557b-9149-4a3b-b6cb-e84e968125c5.jpeg"
506,Pomegranate,164.00,2 pcs,"https://cdn.zeptonow.com/production/tr:w-640,ar-3000-3000,pr-true,f-auto,q-80/cms/product_variant/14a0e8e8-9b34-40b8-92e0-a70f07a9dd75.jpeg"
507,Coconut Kalash,84.00,1 pc,"https://cdn.zeptonow.com/production/tr:w-640,ar-600-600,pr-true,f-auto,q-80/inventory/product/66ba6f6e-cf49-4a18-917c-01e7c14b484b-/tmp/20230912-1702371.jpeg"
508,Blueberry,278.00,120 - 130 g,"https://cdn.zeptonow.com/production/tr:w-640,ar-3000-3000,pr-true,f-auto,q-80/cms/product_variant/3874781d-377e-48b2-a617-bd2070d9de40.jpeg"
509,Mango Dasheri,145.00,1 kg,"https://cdn.zeptonow.com/production/tr:w-640,ar-500-500,pr-true,f-auto,q-80/inventory/product/63ece058-2d43-40f0-af31-f3f1c592d8e5-12fd8d0d-4410-4a36-94ce-10ca44e75277.jpeg"
510,Mango Totapuri Raw,88.00,1 kg (4 - 5 pcs),"https://cdn.zeptonow.com/production/tr:w-640,ar-3000-3000,pr-true,f-auto,q-80/cms/product_variant/143c1ec3-6467-4dfd-8dfd-da6b7b20a185.jpeg"
511,Pineapple,109.00,900 g - 1.2 kg,"https://cdn.zeptonow.com/production/tr:w-640,ar-3000-3000,pr-true,f-auto,q-80/cms/product_variant/19885a90-eef8-4b09-b17d-3ecf3200caf7.jpeg"
512,Mango Raw,40.00,500 g (3 - 4 pcs),"https://cdn.zeptonow.com/production/tr:w-640,ar-3000-3000,pr-true,f-auto,q-80/cms/product_variant/2e4f9c1a-6b0d-45da-aaaf-36c331a688c3.jpeg"
513,Fresh Dates Yellow,51.00,250 g,"https://cdn.zeptonow.com/production/tr:w-640,ar-500-500,pr-true,f-auto,q-80/inventory/product/eef5be9e-02b5-4b3d-ba42-2d84350f91db-/tmp/20230718-0902321.jpeg"
514,Tender Coconut Orange(King Coconut),110.00,1 pc,"https://cdn.zeptonow.com/production/tr:w-640,ar-894-533,pr-true,f-auto,q-80/cms/product_variant/0b1d4ec0-7a5b-40dc-84aa-464a927cbc33.jpg"
515,Ice Apple,147.00,200 g,"https://cdn.zeptonow.com/production/tr:w-640,ar-1024-1024,pr-true,f-auto,q-80/cms/product_variant/79b2d5c5-8826-4b17-8144-8886fed3ea57.jpg"
516,Banana Robusta,34.00,2 Pc (250 - 400 gm),"https://cdn.zeptonow.com/production/tr:w-640,ar-3000-3000,pr-true,f-auto,q-80/cms/product_variant/1be31998-be67-487e-9dd7-c50efa60e598.jpeg"
517,Coconut Kalash 1 pc Combo,160.00,1 pc X 2,"https://cdn.zeptonow.com/production/tr:w-640,ar-600-600,pr-true,f-auto,q-80/cms/product_variant/b6175f17-348a-4459-b71d-a5d694f65f75.jpg"
518,Pluckk Papaya Cut 200 g Combo,74.00,200 g X 2,"https://cdn.zeptonow.com/production/tr:w-640,ar-3000-3000,pr-true,f-auto,q-80/cms/product_variant/9e6eb2ef-cbf2-4c22-b21c-ff8546442b54.jpeg"
519,Nurturing Green - Natural Plant Immunity Booster | 250ml concentrate | Liquid Plant Booster,899.00,1 pc,"https://cdn.zeptonow.com/production/tr:w-640,ar-1000-1000,pr-true,f-auto,q-80/cms/product_variant/7df2a47f-45ad-4d58-9267-175b16a7def6.jpeg"
520,Bloom Anthurium Red Plant| Decor & Gift,269.00,1 pc,"https://cdn.zeptonow.com/production/tr:w-640,ar-3000-3000,pr-true,f-auto,q-80/cms/product_variant/e7bec668-9f91-4635-9957-5412b6495f7b.jpeg"
521,"Nurturing Green - Jade Plant in Self Watering Pot (Black, 11.5cm x 11cm) | Lucky Plant Gift",175.00,1 pc,"https://cdn.zeptonow.com/production/tr:w-640,ar-1000-1000,pr-true,f-auto,q-80/cms/product_variant/37b42411-7a1b-4e34-b29c-4c7582e6ffdf.jpeg"
522,Nurturing Green - Lucky Bamboo Plant (2-layer) in Glass Pot (10cm x 8cm) | Plants for Gifting,264.00,1 piece,"https://cdn.zeptonow.com/production/tr:w-640,ar-1000-1000,pr-true,f-auto,q-80/cms/product_variant/763c189c-f748-4a00-ae44-1a9226d160de.jpeg"
523,Ugaoo Air Purifying Peace Lily Plant In Self Watering Pot,254.00,1 pc,"https://cdn.zeptonow.com/production/tr:w-640,ar-3850-3850,pr-true,f-auto,q-80/cms/product_variant/fa16aa04-772d-4e04-a8bd-d50c2919ad45.jpeg"
524,Bloom Air Purifying Areca Palm Plant,179.00,1 pc,"https://cdn.zeptonow.com/production/tr:w-640,ar-3000-3000,pr-true,f-auto,q-80/cms/product_variant/77184d2f-ffae-4c1d-8ca4-ad1aa320d813.jpeg"
525,"Nurturing Green - Syngonium Pink Plant in Self Watering Pot (Ivory, 8cm x 6.5cm) | Indoor Plants",134.00,1 pc,"https://cdn.zeptonow.com/production/tr:w-640,ar-1000-1000,pr-true,f-auto,q-80/cms/product_variant/ebe672a4-b046-4810-bcc0-1202ac336e8e.png"
526,Bloom ZZ Plant | Low Maintenance,179.00,1 pc,"https://cdn.zeptonow.com/production/tr:w-640,ar-3000-3000,pr-true,f-auto,q-80/cms/product_variant/8a74ede2-1f0c-4394-badc-8aa4ba12db17.jpeg"
527,Bloom Rubber Plant,179.00,1 pc,"https://cdn.zeptonow.com/production/tr:w-640,ar-3000-3000,pr-true,f-auto,q-80/cms/product_variant/0d06def6-e660-4502-aa37-f67d409e00af.jpeg"
528,Bloom Good Luck Money Plant,154.00,1 pc,"https://cdn.zeptonow.com/production/tr:w-640,ar-3000-3000,pr-true,f-auto,q-80/cms/product_variant/b2429471-52af-41cc-8a66-0287e870a1ac.jpeg"
529,Ugaoo Aglaonema Pink Beauty Plant with Red Self Watering Pot | Decor & Gifting,329.00,1 pc,"https://cdn.zeptonow.com/production/tr:w-640,ar-3569-3569,pr-true,f-auto,q-80/cms/product_variant/88ea1268-91c6-4fdc-a44f-6d04f962e6a0.jpeg"
530,Ugaoo Good Luck Money Plant Variegated with Self Watering Pot,235.00,1 pc,"https://cdn.zeptonow.com/production/tr:w-640,ar-3685-3685,pr-true,f-auto,q-80/cms/product_variant/77925da4-f8ac-4d40-9c5e-c3e4a1824393.jpeg"
531,Bloom Auspicious Jade Plant,159.00,1 pc,"https://cdn.zeptonow.com/production/tr:w-640,ar-3000-3000,pr-true,f-auto,q-80/cms/product_variant/3f35af55-42f3-427b-95c3-4cfd6b5343ce.jpeg"
532,Ugaoo Tulsi Seeds (Holy Basil),99.00,1 pc,"https://cdn.zeptonow.com/production/tr:w-640,ar-1000-1100,pr-true,f-auto,q-80/cms/product_variant/77500e22-1ab2-4abd-abd8-ee37b9c5bb0e1SYH9z029H6lrcLIrItkThZecx0RNVi4O.jpeg"
533,Ugaoo Thyme Seeds,99.00,1 pc,"https://cdn.zeptonow.com/production/tr:w-640,ar-2000-2000,pr-true,f-auto,q-80/cms/product_variant/e17cc3b6-2afa-47c4-be04-d21586bba593.jpeg"
534,Ugaoo Okra Seeds (Lady Finger),99.00,1 pc,"https://cdn.zeptonow.com/production/tr:w-640,ar-2000-2000,pr-true,f-auto,q-80/cms/product_variant/3f5bb239-ece6-4e30-a6a3-fecf0598f93e.jpeg"
535,Ugaoo Capsicum Seeds,99.00,1 pc,"https://cdn.zeptonow.com/production/tr:w-640,ar-1000-1000,pr-true,f-auto,q-80/cms/product_variant/0f336a44-4b37-4493-9593-a3a358c2a305.jpeg"
536,Ugaoo Cherry Tomato Seeds,99.00,1 pc,"https://cdn.zeptonow.com/production/tr:w-640,ar-2000-2000,pr-true,f-auto,q-80/cms/product_variant/db7063e4-8e3c-488d-8d74-8600d8d9d041.jpeg"
537,Natures Plus Amaranthus - Seeds,49.00,1 pc,"https://cdn.zeptonow.com/production/tr:w-640,ar-2000-2000,pr-true,f-auto,q-80/cms/product_variant/ecc5e6f0-1768-4edd-a848-44af5263d078.jpeg"
538,Ugaoo Tomato Seeds,85.00,1 pc,"https://cdn.zeptonow.com/production/tr:w-640,ar-2000-2000,pr-true,f-auto,q-80/cms/product_variant/1836d247-bdc8-4ed5-bf23-ed81547585f6.jpeg"
539,Natures Plus Peas - Seeds,49.00,1 pc,"https://cdn.zeptonow.com/production/tr:w-640,ar-2000-2000,pr-true,f-auto,q-80/cms/product_variant/40729496-9f3b-4ed5-92da-8bf0b2d7a9eb.jpeg"
540,Natures Plus Cucumber Green - Seeds,49.00,1 pc,"https://cdn.zeptonow.com/production/tr:w-640,ar-2000-2000,pr-true,f-auto,q-80/cms/product_variant/d7c65cfc-50b1-4631-a230-d100190945da.jpeg"
541,Ugaoo Cow Dung Manure Fertilizers For Plants & Home Gardening(1kg) & Ugaoo Vermicompost For Plants - Organic Fertilizer & Manure(1kg) Combo,398.00,2 combo,"https://cdn.zeptonow.com/production/tr:w-640,ar-1494-1494,pr-true,f-auto,q-80/cms/product_variant/134420bf-1ff1-4ae4-820d-80b506fa3bc9.jpg"
542,Ugaoo Good Luck Money Plant Variegated with Self Watering Pot 1 pc Combo,452.00,1 pc X 2,"https://cdn.zeptonow.com/production/tr:w-640,ar-3685-3685,pr-true,f-auto,q-80/cms/product_variant/ea7c21d6-a7f4-4d1e-b6a4-9cd087b415dd.jpeg"
543,Ugaoo Vermicompost For Plants - Organic Fertilizer & Manure(1kg) & Ugaoo Cocopeat Block For Home Garden Plants(1kg) Combo,402.00,2 combo,"https://cdn.zeptonow.com/production/tr:w-640,ar-1494-1494,pr-true,f-auto,q-80/cms/product_variant/9ccae124-58d1-4bf5-aa4a-51871c1c47f2.jpg"
670,Toyshine Long-Range Foam Blaster Gun Toy with 10 Bullets | Safe & Multicolor Fun | Toy Gun,272.00,1 pc,"https://cdn.zeptonow.com/production/tr:w-640,ar-2400-2400,pr-true,f-auto,q-80/cms/product_variant/c03401be-ab39-44d8-928b-c300a2d86142.jpeg"
671,Mattel Hot Wheels 5-Car Pack - Collector\s Dream for Kids Ages 3+,706.00,1 set (5 pcs),"https://cdn.zeptonow.com/production/tr:w-640,ar-1500-1500,pr-true,f-auto,q-80/cms/product_variant/17dfa979-2d63-45c1-9753-28822bd124d8.jpg"
672,Nerf Alpha Strike Wolf LR-1 - Action-Packed Dart Blaster | Toy Gun,857.00,1 set (13 pcs),"https://cdn.zeptonow.com/production/tr:w-640,ar-2000-2000,pr-true,f-auto,q-80/cms/product_variant/387dcbc9-ccf2-4437-a1cc-a49c7cefdf2b.jpg"
673,Toyshine Airplane Launcher - Multi-Color Catapult Plane for Outdoor Play,484.00,1 set (5 pcs),"https://cdn.zeptonow.com/production/tr:w-640,ar-2400-2400,pr-true,f-auto,q-80/cms/product_variant/ff039fb1-c225-4387-922a-22ae60715658.jpeg"
674,Lifelong Kick Scooter for Kids | Adjustable & Foldable (Ages 2-12),1139.00,1 pc,"https://cdn.zeptonow.com/production/tr:w-640,ar-1500-1500,pr-true,f-auto,q-80/cms/product_variant/e3a7bf65-955f-476f-a86c-ba1097c70ad4.jpg"
675,Nerf Elite 2.0 Volt SD-1 Blaster | Fun Dart Toy | Toy Gun,969.00,1 set (7 pcs),"https://cdn.zeptonow.com/production/tr:w-640,ar-2000-2000,pr-true,f-auto,q-80/cms/product_variant/778947c5-8f47-4243-8143-e356259511eb.jpg"
676,Nerf Alpha Strike Fang QS-4 Blaster with 10 Elite Darts | Toy Gun,428.00,1 set (11 pcs),"https://cdn.zeptonow.com/production/tr:w-640,ar-2400-2400,pr-true,f-auto,q-80/cms/product_variant/3163099b-ac8e-4485-9d7a-74f159a810d5.jpeg"
677,Toyshine Friction-Powered Multicolor Automobile for Kids,352.00,1 pack (7 pcs),"https://cdn.zeptonow.com/production/tr:w-640,ar-1500-1500,pr-true,f-auto,q-80/cms/product_variant/c8e067b7-285b-4dda-bca8-979adc089b4e.jpeg"
678,Toyshine Wooden Magnetic Fishing Game | Engaging Toy for Kids - Multicolour,454.00,1 pc,"https://cdn.zeptonow.com/production/tr:w-640,ar-2400-2400,pr-true,f-auto,q-80/cms/product_variant/41d83d71-584c-4665-99ba-96f7c436e692.jpeg"
679,Wembley Magnetic Dart Board With Darts For Adult 40.3Cm Indoor & Outdoor Game For Kids With 8 Darts,693.00,1 set,"https://cdn.zeptonow.com/production/tr:w-640,ar-1100-1100,pr-true,f-auto,q-80/cms/product_variant/e721467c-9562-49f2-801b-849406547e07.jpg"
680,Hasbro Nerf Elite 2.0 Commander RD-6 - Ultimate Dart Blasting Adventure,1135.00,1 pc,"https://cdn.zeptonow.com/production/tr:w-640,ar-2400-2400,pr-true,f-auto,q-80/cms/product_variant/8352be3f-9e11-45fa-97d2-2f648f87532b.jpeg"
681,7 Diamonds Surprise Toy & Healthy Snacks Box,104.00,1 pack (150 pcs),"https://cdn.zeptonow.com/production/tr:w-640,ar-2401-2401,pr-true,f-auto,q-80/cms/product_variant/c8e7a36f-9be2-4d74-9c9d-93ec7f39b9aa.jpeg"
682,Hasbro Nerf Alpha Strike Flyte Cs 10,2145.00,1 pc,"https://cdn.zeptonow.com/production/tr:w-640,ar-1000-1000,pr-true,f-auto,q-80/cms/product_variant/9b9cc32e-1552-4913-94ca-037642a3b95f.jpg"
683,Wembley Construction Tool Trolley Kit | Pretend Play Mechanics Set for Kids,1057.00,1 set,"https://cdn.zeptonow.com/production/tr:w-640,ar-1000-1000,pr-true,f-auto,q-80/cms/product_variant/32d3035b-0b1e-43b7-84dd-609e6b940150.jpeg"
684,Toybharat Push N Go Transformer | Multicolour | Travel Toys | Birthday Gift | Assorted,106.00,1 pc,"https://cdn.zeptonow.com/production/tr:w-640,ar-6000-4000,pr-true,f-auto,q-80/cms/product_variant/90b199f6-f4d0-4583-aeb1-864a861649a3.jpg"
685,Toybharat Ambulance Toy for Kids | Ideal Travel Toy & Birthday Gift,256.00,1 pc,"https://cdn.zeptonow.com/production/tr:w-640,ar-1500-1500,pr-true,f-auto,q-80/cms/product_variant/82212591-b98c-49d7-8c1c-30b4deaed84c.jpeg"
686,Funskool Giggles Stack N Nest Toy Set - Perfect for Little Hands,428.00,1 set,"https://cdn.zeptonow.com/production/tr:w-640,ar-2400-2400,pr-true,f-auto,q-80/cms/product_variant/5573822b-10fc-4b35-966f-da5ae970f3af.jpeg"
687,Lifelong Pickleball Paddle Set -Fiberglass Surface 4 Pickleball Balls & Paddle Cover Bag,1910.00,1 pack (4 pcs),"https://cdn.zeptonow.com/production/tr:w-640,ar-1500-1500,pr-true,f-auto,q-80/cms/product_variant/399b5c00-018a-412b-9a6d-c395d7865406.jpg"
688,Nerf Elite 2.0 Dart Refill | 20 Nerf Elite Darts | Compatible with All Elite Blasters | Toy Gun,394.00,1 pack (20 pcs),"https://cdn.zeptonow.com/production/tr:w-640,ar-2000-2000,pr-true,f-auto,q-80/cms/product_variant/9e8b5a8b-18e9-4457-ad5b-a501c2721ea1.jpg"
689,Wembley Bow and Arrow Archery Set for Kids and Adults - Includes Target Board,474.00,1 set,"https://cdn.zeptonow.com/production/tr:w-640,ar-1200-1200,pr-true,f-auto,q-80/cms/product_variant/0ed1d055-8f6b-4a46-abe5-1cda49c4c864.jpeg"
690,Beauty Set Trolley With Wheels,1214.00,1 pc,"https://cdn.zeptonow.com/production/tr:w-640,ar-2000-2000,pr-true,f-auto,q-80/cms/product_variant/9594a1a4-9baa-4e9b-9963-d129b929624d.jpg"
691,Toybharat Super Bike Travel Toy | Multicolour | Perfect Birthday Gift,121.00,1 pc,"https://cdn.zeptonow.com/production/tr:w-640,ar-1200-1200,pr-true,f-auto,q-80/cms/product_variant/47e10574-890e-4571-a0b3-edc67fbc3d9d.jpeg"
692,Nerf Elite 2.0 Ace SD-1 Blaster: Compact Foam Dart Toy for Action-Packed Fun | Toy Gun,342.00,1 pc,"https://cdn.zeptonow.com/production/tr:w-640,ar-2400-2400,pr-true,f-auto,q-80/cms/product_variant/665f9f42-6300-4531-a035-41ddec2225c6.jpeg"
693,Toybharat Friction-Powered Gear Bus | Fun Birthday Gift for Kids - Multicolour,294.00,1 pc,"https://cdn.zeptonow.com/production/tr:w-640,ar-1200-1200,pr-true,f-auto,q-80/cms/product_variant/36cc4c40-7cfd-44cb-a83a-edf4da82f326.jpeg"
694,Toybharat Push N Go Fire Brigade Toy for Kids | Fun Travel Toy and Birthday Gift,186.00,1 pc,"https://cdn.zeptonow.com/production/tr:w-640,ar-2400-2400,pr-true,f-auto,q-80/cms/product_variant/33621786-ff5e-4a56-b314-e24c7d8123af.jpeg"
695,COMIC JEEP Toy - Fun Adventure Vehicle for Kids - Multicolor | Assorted,390.00,1 pc,"https://cdn.zeptonow.com/production/tr:w-640,ar-5277-5277,pr-true,f-auto,q-80/cms/product_variant/93a8c5aa-b5e3-4d4e-8fb7-80458f8e7014.jpg"
696,Toybharat Push N Go Tractor for Kids | Perfect Travel Toy and Birthday Gift,248.00,1 pc,"https://cdn.zeptonow.com/production/tr:w-640,ar-2400-2400,pr-true,f-auto,q-80/cms/product_variant/064fcc41-eabe-4973-ad49-08773b4ea9e4.jpeg"
697,Desi Toys Gilli Danda Set - Traditional Outdoor Game for Children,185.00,1 pc,"https://cdn.zeptonow.com/production/tr:w-640,ar-1000-1000,pr-true,f-auto,q-80/cms/product_variant/bbf67b20-a878-4f17-92ab-4fea9b9ca771.jpeg"
698,DearJoy Small Sleeping Panda Soft Toy,202.00,1 pc,"https://cdn.zeptonow.com/production/tr:w-640,ar-1200-1200,pr-true,f-auto,q-80/cms/product_variant/bb7d9933-8dc5-4891-b18a-b9ce150dc1a2.jpg"
699,Babique Octopus Sitting Plush Soft Toy Cute Kids Animal Home Decor Boys/Girls (17 cm),171.00,1 pc,"https://cdn.zeptonow.com/production/tr:w-640,ar-2400-2400,pr-true,f-auto,q-80/cms/product_variant/fb513b22-63df-4967-920d-91f097735289.jpeg"
700,"Babique Unicorn Plush Soft Toy Cute Kids Birthday Animal Baby Boys/Girls (25 cm, Assorted)",201.00,1 pc,"https://cdn.zeptonow.com/production/tr:w-640,ar-1000-1000,pr-true,f-auto,q-80/cms/product_variant/ea25b399-18ca-41a8-9655-2cdbfb052119.jpeg"
701,Babique Cat Flower Plush Soft Toy Cute Kids Animal Home Decor Boys/Girls (20 cm) - Assorted,231.00,1 pc,"https://cdn.zeptonow.com/production/tr:w-640,ar-1200-1200,pr-true,f-auto,q-80/cms/product_variant/f20a2ccf-894a-41a8-bec9-427b767c9c3b.jpg"
702,Babique Reversible Carrot Plush Soft Toy Cute Kids Animal Home Car Decor Kids Birthday Boys/Girls/Baby (Pink) 25 cm,403.00,1 pc,"https://cdn.zeptonow.com/production/tr:w-640,ar-1448-1500,pr-true,f-auto,q-80/cms/product_variant/1df0754a-ad94-48f1-bd2e-149e5e93be11.jpeg"
703,DearJoy Tweety Bird Soft Toy - Yellow,212.00,1 pc,"https://cdn.zeptonow.com/production/tr:w-640,ar-1000-1000,pr-true,f-auto,q-80/cms/product_variant/57ec175b-176c-497f-8531-252c182e77d3.jpeg"
704,"Babique Elephant Sitting Plush Soft Toy Cute Kids Animal Home Decor Boys/Girls (Blue, 30 cm)",352.00,1 pc,"https://cdn.zeptonow.com/production/tr:w-640,ar-1200-1200,pr-true,f-auto,q-80/cms/product_variant/1a92d839-b9b4-4047-9fce-931314d02a54.jpeg"
705,DearJoy Elephant Shaped Baby Pillow - Grey,596.00,1 pc,"https://cdn.zeptonow.com/production/tr:w-640,ar-833-833,pr-true,f-auto,q-80/cms/product_variant/27a9c8ae-864d-4868-875f-e4da1aee1b6e.jpeg"
706,Babique Monkey\s Cuddly Couple Soft Toys Plush Stuffed Teddy Bear for Kids Birthday Gift (Pink),322.00,1 pack (2 pcs),"https://cdn.zeptonow.com/production/tr:w-640,ar-700-700,pr-true,f-auto,q-80/cms/product_variant/e821c4bb-efe1-43e8-bf60-d1d73c6761ef.jpg"
707,Babique Dog Sitting Plush Soft Toy Cute Kids Animal Home Decor Boys/Girls White (25 cm),221.00,1 pc,"https://cdn.zeptonow.com/production/tr:w-640,ar-1000-1000,pr-true,f-auto,q-80/cms/product_variant/010a7f45-1811-491d-a868-1fc88ee518fa.jpeg"
708,Sterling Elephant Sitting Plush Soft Toy Animal Baby Boys & Girls 30 Cm - Blue,289.00,1 pc,"https://cdn.zeptonow.com/production/tr:w-640,ar-1473-1500,pr-true,f-auto,q-80/cms/product_variant/162916d1-c27e-432b-8094-e7c8bb7e8720.jpg"
709,DearJoy Little Penguin Soft Toy - Black,212.00,1 pc,"https://cdn.zeptonow.com/production/tr:w-640,ar-1000-1000,pr-true,f-auto,q-80/cms/product_variant/aa241e67-f659-4e31-901a-8735cbce7769.jpeg"
710,Babique Rattle Ball Plush Soft Toy Cute Kids Home Decor Boys/Girls/Baby (10 cm),150.00,1 pc,"https://cdn.zeptonow.com/production/tr:w-640,ar-2400-2400,pr-true,f-auto,q-80/cms/product_variant/795dd1b1-4a5d-4915-a625-58a2c09930c9.jpeg"
711,"Babique Rabbit Plush Cute Rabbit Soft Toys Animal Home Decor Baby/Boys/Girls (Pink, 26 cm)",211.00,1 pc,"https://cdn.zeptonow.com/production/tr:w-640,ar-2400-2400,pr-true,f-auto,q-80/cms/product_variant/2713bb4a-23df-49f3-8593-f57d2d662b0b.jpeg"
712,"Babique Unicorn Plush Soft Toy Cute Kids Birthday Animal Baby Boys/Girls (25 cm, Yellow)",201.00,1 pc,"https://cdn.zeptonow.com/production/tr:w-640,ar-1500-1500,pr-true,f-auto,q-80/cms/product_variant/8eb57b67-96c0-4d42-bad0-859db8de2e59.jpg"
713,Webby Green Soft Dinosaur Plush Stuffed Toy 30cm,349.00,1 pc,"https://cdn.zeptonow.com/production/tr:w-640,ar-1500-1500,pr-true,f-auto,q-80/cms/product_variant/895ff92a-2b34-4c3a-aee6-f6f16af18468.jpg"
714,Sterling Dog Plush Soft Toy For Kids (6411) | 2 Months+ | 26 cm - White,201.00,1 pc,"https://cdn.zeptonow.com/production/tr:w-640,ar-2400-2400,pr-true,f-auto,q-80/cms/product_variant/80c5ea1e-ddd4-4de3-9854-e30dbbf06344.jpeg"
715,DearJoy Avocado Panda Teddy Soft Toy Stuffed Animal Toy,364.00,1 pc,"https://cdn.zeptonow.com/production/tr:w-640,ar-1200-1200,pr-true,f-auto,q-80/cms/product_variant/4fb321d8-7127-4b80-a6fc-e1bfe7c67a0b.jpg"
716,"Webby Soft Animal Plush Elephant Toy 20cm, Blue & Grey",217.00,1 pc,"https://cdn.zeptonow.com/production/tr:w-640,ar-2400-2400,pr-true,f-auto,q-80/cms/product_variant/fb705614-8d33-4797-a650-04944ba1e5a4.jpeg"
717,Sterling Monkey Animal Plush Soft Toy Animal Baby Boys & Girls28 Cm,150.00,1 pc,"https://cdn.zeptonow.com/production/tr:w-640,ar-1000-1000,pr-true,f-auto,q-80/cms/product_variant/31d36079-8339-41e5-bb1d-36d83a80a99b.jpeg"
718,Babique Dog Cute Plush Soft Toys for Kids Birthday Gift 26 cm White,211.00,1 pc,"https://cdn.zeptonow.com/production/tr:w-640,ar-1200-1200,pr-true,f-auto,q-80/cms/product_variant/1d31096d-2724-48e2-9f88-662cfa2c381b.jpeg"
719,Sterling Teddy Bear Plush Soft Toy Boys & Girls 25 Cm - Pink,201.00,1 pc,"https://cdn.zeptonow.com/production/tr:w-640,ar-2400-2400,pr-true,f-auto,q-80/cms/product_variant/c84263bc-03d6-4e2c-97ac-fa54ab41011c.jpeg"
720,Babique Elephant Stuffed Soft Toy For Kids (19 cm) - Assorted,162.00,1 pc,"https://cdn.zeptonow.com/production/tr:w-640,ar-1200-1200,pr-true,f-auto,q-80/cms/product_variant/57f9adf0-b4d8-4de5-880b-ec993e93102e.jpeg"
721,"Webby Plush Husky Dog Stuffed Animal Puppy Soft Toy, Adorable Gifts for Kids and Adult, 30CM (Grey)",393.00,1 pc,"https://cdn.zeptonow.com/production/tr:w-640,ar-1200-1200,pr-true,f-auto,q-80/cms/product_variant/de44ef9d-524f-4c0c-996e-7c6de9aee8e8.jpeg"
722,Webby Octopus with Keychain Plush Stuffed Animal Toy Assorted - 1piece,149.00,1 pc,"https://cdn.zeptonow.com/production/tr:w-640,ar-1200-1200,pr-true,f-auto,q-80/cms/product_variant/4cd52e69-5c08-4a58-b350-9af9c36d2f48.jpeg"
723,Babique Ball Alphabetic Plush Soft Toy Cute Kids Birthday Animal Baby Boys/Girls (25 cm ABCD),240.00,1 pc,"https://cdn.zeptonow.com/production/tr:w-640,ar-2400-2400,pr-true,f-auto,q-80/cms/product_variant/b2360a17-6dbd-4db6-9302-b2d06c9b8dd9.jpeg"
724,Babique Rabbit Ball Stuffed Soft Toy For Kids| 19 cm - Assorted,158.00,1 pc,"https://cdn.zeptonow.com/production/tr:w-640,ar-2400-2400,pr-true,f-auto,q-80/cms/product_variant/42ee7d5b-e740-4d7e-b70e-6293aceb0da8.jpeg"
725,Babique Monkey Plush Soft Toy Cute Kids Animal Home Decor Boys/Girls/Baby (28 cm),211.00,1 pc,"https://cdn.zeptonow.com/production/tr:w-640,ar-1200-1200,pr-true,f-auto,q-80/cms/product_variant/6b2405b7-70d0-4e9d-9999-a85127d78a79.jpeg"
726,Sterling Soft Toys- Smiley Devil Cushion,125.00,1 pc,"https://cdn.zeptonow.com/production/tr:w-640,ar-1200-1200,pr-true,f-auto,q-80/cms/product_variant/f59fa4eb-b705-4620-843c-f6b0d5e7db22.jpeg"
732,Kaju Katli Classic | Kaju Barfi | Sweets | By GO DESi,207.00,200 g,"https://cdn.zeptonow.com/production/tr:w-640,ar-1500-1500,pr-true,f-auto,q-80/cms/product_variant/67a1aa3c-4eec-422b-986f-853854e59357.jpeg"
733,"Crushed Peanut Chikki 30 Pcs, By GO DESi",300.00,450 g,"https://cdn.zeptonow.com/production/tr:w-640,ar-1000-1000,pr-true,f-auto,q-80/cms/product_variant/a0e22865-7e47-4e4b-91bd-7c1d3ae69d1e.jpeg"
734,Lal Sweets Motichoor Laddu,117.00,200 g,"https://cdn.zeptonow.com/production/tr:w-0.98,h-0.98,f-auto/cms/product_variant/ea8859bd-3a63-4c2f-a0b3-de580fbb5bfa.jpeg"
735,Lal Milk Cake Signature,148.00,200 g,"https://cdn.zeptonow.com/production/tr:w-640,ar-1021-1021,pr-true,f-auto,q-80/cms/product_variant/d9637523-ae76-4590-ad97-81d3c1dd8641.jpeg"
736,Mysore Pak | Sweets By GO DESi,133.00,200 g,"https://cdn.zeptonow.com/production/tr:w-640,ar-1080-1080,pr-true,f-auto,q-80/cms/product_variant/62ed7203-64b5-4647-9347-b92fd541c707.jpeg"
737,Lal Dharwad Peda,131.00,200 g,"https://cdn.zeptonow.com/production/tr:w-640,ar-800-800,pr-true,f-auto,q-80/cms/product_variant/ccd0766c-e76a-4d0c-ac56-cf524320de96.jpeg"
738,Lal Kaju Katli,224.00,200 g,"https://cdn.zeptonow.com/production/tr:w-640,ar-6004-6004,pr-true,f-auto,q-80/cms/product_variant/400c8917-7bf1-4657-8531-88abaaf8246f.jpeg"
739,Lal Mysore Pak Premium,131.00,200 g,"https://cdn.zeptonow.com/production/tr:w-640,ar-6004-6004,pr-true,f-auto,q-80/cms/product_variant/a53f657f-6eba-4b99-8a1c-8b5c0e43364f.jpeg"
740,Besan Laddoo | With Ghee | Laddu | Sweets by GO DESi,118.00,180 g,"https://cdn.zeptonow.com/production/tr:w-640,ar-1080-1080,pr-true,f-auto,q-80/cms/product_variant/bcae4452-04a6-40e7-a6b2-e6b48bd079ec.jpeg"
741,"Premium Kaju Katli, 61% Cashew | Burfi | Kaju Katri | Sweets by GO DESi",230.00,180 g,"https://cdn.zeptonow.com/production/tr:w-640,ar-1080-1080,pr-true,f-auto,q-80/cms/product_variant/c85d4245-6dfc-4c9d-bc04-2231f435f86c.jpeg"
742,"Pista Coconut Barfi, 8 Pcs | Burfi | Sweets | By GO DESi",120.00,96 g,"https://cdn.zeptonow.com/production/tr:w-640,ar-6000-6000,pr-true,f-auto,q-80/cms/product_variant/fe37f74b-2a21-420a-8d20-040ad880bdf9.jpeg"
743,Mini Gulab Jamun Tin,59.00,225 g,"https://cdn.zeptonow.com/production/tr:w-640,ar-1000-1000,pr-true,f-auto,q-80/cms/product_variant/98176831-1213-46fc-868c-3f2d3456d53e.jpg"
744,"Dry Fruit Barfi, 6 Pcs | No Added Refined Sugar | Single Packs | Burfi | Sweets | By GO DESi",166.00,120 g,"https://cdn.zeptonow.com/production/tr:w-640,ar-1080-1080,pr-true,f-auto,q-80/cms/product_variant/21e0dcbd-5abd-48ef-94dd-883989aa6e4d.jpeg"
745,Gits Mini Rasgulla Tin,58.00,200 g,"https://cdn.zeptonow.com/production/tr:w-640,ar-3000-3000,pr-true,f-auto,q-80/cms/product_variant/98513fe3-ace5-45f0-b344-f1dea1dbdd8b.jpg"
746,Lal Horlicks Burfi Signature,148.00,200 g,"https://cdn.zeptonow.com/production/tr:w-640,ar-6004-6004,pr-true,f-auto,q-80/cms/product_variant/e8e718cb-2e02-4239-9eff-d436cd63e0d1.jpeg"
747,Gits Rasgulla Open & Eat (Tin),204.00,1 kg,"https://cdn.zeptonow.com/production/tr:w-640,ar-2000-2000,pr-true,f-auto,q-80/cms/product_variant/99850c02-ff84-41d1-a10a-02c5a5d1f2d0.jpg"
748,Lal Sweets Ghee Kesariya Motichoor Laddoo,163.00,200 g,"https://cdn.zeptonow.com/production/tr:w-640,ar-2000-2000,pr-true,f-auto,q-80/cms/product_variant/06c6f140-9de3-4889-8c74-af6ac0c7298c.jpg"
749,Lal Gulab Jamun,224.00,1 kg,"https://cdn.zeptonow.com/production/tr:w-640,ar-750-750,pr-true,f-auto,q-80/cms/product_variant/2f1816e5-aadb-4153-a45f-015c297a367e.jpg"
750,Lal Mango Burfi,140.00,200 g,"https://cdn.zeptonow.com/production/tr:w-640,ar-6004-6004,pr-true,f-auto,q-80/cms/product_variant/d8a6ab6d-1ddf-40d7-98cb-3f6b20f7b09d.jpeg"
751,Gits Gulab Jamun Open & Eat (Tin),204.00,1 kg,"https://cdn.zeptonow.com/production/tr:w-640,ar-1500-1500,pr-true,f-auto,q-80/cms/product_variant/71c9055b-0501-4ce3-8685-d4ac4ea39189.jpg"
752,Lal Sweets Choco Almond Burfi,160.00,200 g,"https://cdn.zeptonow.com/production/tr:w-640,ar-2000-2000,pr-true,f-auto,q-80/cms/product_variant/1c932e79-6fc9-4a71-959d-204f9cd4950d.jpg"
753,Lal Sweets Jaggery Kaju Katli,238.00,200 g,"https://cdn.zeptonow.com/production/tr:w-640,ar-2000-2000,pr-true,f-auto,q-80/cms/product_variant/3ef36029-eb06-4e2c-9e17-a7771d0a520c.jpg"
754,Dry Fruits Halwa Signature,139.00,200 g,"https://cdn.zeptonow.com/production/tr:w-640,ar-1000-1000,pr-true,f-auto,q-80/cms/product_variant/9e149982-b093-48df-8764-a267ff4aae69.jpg"
755,Mini Gulab Jamun,242.00,1 Kg,"https://cdn.zeptonow.com/production/tr:w-640,ar-1500-1500,pr-true,f-auto,q-80/inventory/product/528add4d-91ae-4413-a26b-efd280b15537-/tmp/20230224-1156581.jpeg"
757,Mini Rasgulla,240.00,1 kg,"https://cdn.zeptonow.com/production/tr:w-640,ar-1500-1500,pr-true,f-auto,q-80/inventory/product/2917018a-de0e-478b-a9a4-5c628521945a-/tmp/20230224-1327331.jpeg"
758,Lal Soan Papdi Premium,75.00,200 g,"https://cdn.zeptonow.com/production/tr:w-640,ar-6004-6004,pr-true,f-auto,q-80/inventory/product/4651a6a3-8a7c-4694-85b9-174679a8b2a7-/tmp/20230914-0419541.jpeg"
759,Amul Besan Laddoo,120.00,200 g,"https://cdn.zeptonow.com/production/tr:w-640,ar-1000-1000,pr-true,f-auto,q-80/cms/product_variant/8b62cf75-4ec8-401c-8a1b-3e020881fb45.jpeg"
760,MTR Ready To Eat Gulab Jamun Tin,233.00,1 kg,"https://cdn.zeptonow.com/production/tr:w-640,ar-2400-2400,pr-true,f-auto,q-80/cms/product_variant/8b904965-0873-4b72-98fe-25f421b2e227.jpeg"
761,GRB Rasogolla,80.00,300 g,"https://cdn.zeptonow.com/production/tr:w-640,ar-2000-2000,pr-true,f-auto,q-80/cms/product_variant/8f03e845-6380-4561-983a-7904fa1adaaf.jpg"
762,Grb Mysorepak,163.00,200 g,"https://cdn.zeptonow.com/production/tr:w-640,ar-2000-2000,pr-true,f-auto,q-80/cms/product_variant/9f074158-1185-46e4-8c3d-b1aa2d36f600.jpeg"
763,Sweet Karam Coffee Peanut Chikki Bites,85.00,150 g,"https://cdn.zeptonow.com/production/tr:w-640,ar-1200-1200,pr-true,f-auto,q-80/cms/product_variant/44067f81-769c-4ae6-9d7f-a03cf8b909ff.jpeg"
821,Minus 30 Vanilla Mini Stick Vegan & Sugar Free,124.75,40 ml,"https://cdn.zeptonow.com/production/tr:w-640,ar-1500-1500,pr-true,f-auto,q-80/cms/product_variant/ec6c8ae7-e927-407f-aafc-8b78b9f90de8.jpg"
822,Get-A-Way Brownie Crunch Ice Cream Stick,99.00,70 ml,"https://cdn.zeptonow.com/production/tr:w-640,ar-1001-1001,pr-true,f-auto,q-80/cms/product_variant/b334d81a-1dc0-4b25-8583-3f8495332290.jpeg"
823,Minus 30 Strawberry Mini Stick Vegan & Sugar Free,125.00,40 ml,"https://cdn.zeptonow.com/production/tr:w-640,ar-1500-1500,pr-true,f-auto,q-80/cms/product_variant/0f30f96c-f5b7-4b34-bcaf-3c4affcd4443.jpg"
824,Noto Chocolate Brownie Bar Ice Cream Stick,155.00,80 ml,"https://cdn.zeptonow.com/production/tr:w-640,ar-1000-1000,pr-true,f-auto,q-80/cms/product_variant/4f9284e9-8290-452d-a789-14d4fc8cdcda.jpeg"
825,Get-A-Way Choco Hazelnut Crunch Ice Cream Stick,99.00,70 ml,"https://cdn.zeptonow.com/production/tr:w-640,ar-1001-1001,pr-true,f-auto,q-80/cms/product_variant/e02f05e8-a824-4cf6-8658-73488db74bfa.jpeg"
826,Baskin Robbins Raspberry Vanilla Doublet Bar Ice Cream Stick,60.00,65 ml,"https://cdn.zeptonow.com/production/tr:w-640,ar-1200-1200,pr-true,f-auto,q-80/cms/product_variant/5b1cf02d-116c-4f32-b1bf-8d546f7256af.jpeg"
827,Kwality Wall\s Cornetto Double Chocolate Cone,40.00,80 ml,"https://cdn.zeptonow.com/production/tr:w-640,ar-1200-1200,pr-true,f-auto,q-80/cms/product_variant/f71becc0-903f-4439-bc43-dd531dff4536.jpeg"
828,Amul Gold TriCone Butterscotch Ice Cream Cone,40.00,120 ml,"https://cdn.zeptonow.com/production/tr:w-640,ar-1000-1000,pr-true,f-auto,q-80/cms/product_variant/c6efd14b-a923-49d1-8f5c-dfce933211df.jpeg"
829,Hocco Hazelnut Mudslide Ice Cream Cone,90.00,135 ml,"https://cdn.zeptonow.com/production/tr:w-640,ar-1000-1250,pr-true,f-auto,q-80/cms/product_variant/e0bc9166-8bad-43ae-9463-d1aa1c6ba477.jpeg"
830,Amul Gold TriCone Chocolate Ice Cream Cone,50.00,120 ml,"https://cdn.zeptonow.com/production/tr:w-640,ar-900-900,pr-true,f-auto,q-80/cms/product_variant/7aee2d5b-762a-44d1-a158-f4bb9bb84a38.jpg"
831,Havmor Dark Chocolate Ice Cream Cone,50.00,110 ml,"https://cdn.zeptonow.com/production/tr:w-640,ar-1200-1200,pr-true,f-auto,q-80/cms/product_variant/24716755-788b-4bba-8b76-3ed647472c6c.jpeg"
890,Baskin Robbins Super Strawberry Surprise Ice Cream Cone,95.00,110 ml,"https://cdn.zeptonow.com/production/tr:w-640,ar-1000-1000,pr-true,f-auto,q-80/cms/product_variant/955d3e3e-9be1-4df0-85ab-6c064f58c2c1.jpg"
801,Go Zero Mango Duet Low Calorie Guilt Free Ice Cream Stick,113.00,60 ml,"https://cdn.zeptonow.com/production/tr:w-640,ar-4167-4168,pr-true,f-auto,q-80/cms/product_variant/3144f221-2efa-41a3-b2cb-5be35c5b86bd.jpeg"
802,Hocco Tiramisu Boss Bar Ice Cream Stick,70.00,90 ml,"https://cdn.zeptonow.com/production/tr:w-640,ar-2400-2400,pr-true,f-auto,q-80/cms/product_variant/e4f941c4-b7b6-4361-ba3c-29568c118ad4.jpeg"
803,Baskin Robbins Mango Mania Candy Ice Cream Stick,60.00,65 ml,"https://cdn.zeptonow.com/production/tr:w-640,ar-1000-1000,pr-true,f-auto,q-80/cms/product_variant/e92d2016-d255-48b5-bdcb-a13fb6c67c61.jpg"
804,Kwality Wall\'s Feast Cadbury Crackle Stick,70.00,70 ml,"https://cdn.zeptonow.com/production/tr:w-640,ar-1200-1200,pr-true,f-auto,q-80/cms/product_variant/d671f6f0-9d22-4426-83d1-e4bf84441a37.jpeg"
805,Kwality Wall\'s Magnum Chocolate Truffle Ice Cream Stick,80.00,63 g,"https://cdn.zeptonow.com/production/tr:w-640,ar-5000-5000,pr-true,f-auto,q-80/cms/product_variant/3554079f-7eec-465d-9a89-c69a62ba748d.jpeg"
806,Kwality Wall\'s Magnum Brownie Ice Cream Stick,80.00,61 g,"https://cdn.zeptonow.com/production/tr:w-640,ar-5000-5000,pr-true,f-auto,q-80/cms/product_variant/8565f4a5-09b0-4d74-8438-9b8efe2c577b.jpeg"
807,Kwality Walls Magnum Classic Ice Cream Stick,70.00,59 g,"https://cdn.zeptonow.com/production/tr:w-640,ar-5000-5000,pr-true,f-auto,q-80/cms/product_variant/edafffb7-7564-4f45-a22a-5fc6f049c1c4.jpeg"
808,Go Zero Madagascar Chocolate Low Calorie Guilt Free Ice Cream Bar,122.00,70 ml,"https://cdn.zeptonow.com/production/tr:w-640,ar-521-521,pr-true,f-auto,q-80/cms/product_variant/42452076-e42f-4437-aec7-037ea70cbfed.jpeg"
809,Go Zero Raspberry Duet Low Calorie Guilt Free Ice Cream Stick,113.00,60 ml,"https://cdn.zeptonow.com/production/tr:w-640,ar-2084-2084,pr-true,f-auto,q-80/cms/product_variant/d011a2b3-15bd-4e9e-8dfb-e4cd59d2481a.jpeg"
810,Baskin Robbins Hazelnut Ice Cream Stick,85.00,65 ml,"https://cdn.zeptonow.com/production/tr:w-640,ar-1200-1200,pr-true,f-auto,q-80/cms/product_variant/77128517-85aa-43e4-b9aa-cc31b6e9c2ea.jpeg"
811,Arun Ibar Mini Almond Crunch Ice Cream Stick,80.00,80 ml,"https://cdn.zeptonow.com/production/tr:w-640,ar-1021-1021,pr-true,f-auto,q-80/cms/product_variant/f5286c72-19bf-4850-8972-1cb5e5ca34ef.jpeg"
812,Hocco Chocaboom Bar Ice Cream Stick,50.00,80 ml,"https://cdn.zeptonow.com/production/tr:w-640,ar-3000-2000,pr-true,f-auto,q-80/cms/product_variant/57f23de0-b93c-40c6-aaaa-7a00eedaff30.jpg"
813,Hocco Death By Chocolate Boss Bar Ice Cream Stick,70.00,90 ml,"https://cdn.zeptonow.com/production/tr:w-640,ar-1200-1200,pr-true,f-auto,q-80/cms/product_variant/b68263f5-6390-40fb-bafc-70564b75d936.jpeg"
814,Dairy Day Nutty Ice Cream Stick,30.00,65 ml,"https://cdn.zeptonow.com/production/tr:w-640,ar-1200-1200,pr-true,f-auto,q-80/cms/product_variant/dbd4aaf7-4dde-4bb3-92e0-576bb9e158fd.jpg"
815,"Fruitchill Ice Pops/ Frozen Juice Bars Multipack- Mango, Strawberry, Orange, Nimboo, Grape",199.00,700 g,"https://cdn.zeptonow.com/production/tr:w-640,ar-1000-1000,pr-true,f-auto,q-80/cms/product_variant/4edf315d-2d14-4e5d-ae9a-fd6ac597c61d.jpeg"
816,"Fruitchill Ice Pops/Frozen Juice Bars Multipack- Mango, Strawberry, Orange, Nimboo, Grape",99.00,350 g,"https://cdn.zeptonow.com/production/tr:w-640,ar-1000-1000,pr-true,f-auto,q-80/cms/product_variant/8d90cdd4-8320-4ef3-b9d9-7e96e741aa9a.jpeg"
817,Amul Epic Strawberry Twist Gold Ice Cream Stick,100.00,80 ml,"https://cdn.zeptonow.com/production/tr:w-640,ar-3000-3000,pr-true,f-auto,q-80/cms/product_variant/f1dcf14b-22f7-4b11-a5df-bfa9c2e5f5a5.jpg"
818,Hocco Bijlee Juicy Ice Cream Stick,125.00,70 ml,"https://cdn.zeptonow.com/production/tr:w-640,ar-1000-1000,pr-true,f-auto,q-80/cms/product_variant/8b2b47bc-0850-449c-a3d6-1dc7be418c45.jpg"
819,Dairy Day Hazelnut Triple bar- Ice Cream Stick,70.00,70 ml,"https://cdn.zeptonow.com/production/tr:w-640,ar-1200-1200,pr-true,f-auto,q-80/cms/product_variant/a016533c-f42a-4090-8f28-947bccbc88a4.jpg"
820,Baskin Robbins Mini Ice cream Sticks Pack - Mississippi Mud | Almond N\ Caramel,310.00,4 x 50 ml,"https://cdn.zeptonow.com/production/tr:w-640,ar-1000-1000,pr-true,f-auto,q-80/cms/product_variant/dbb08523-da1d-4476-ab44-c5eddbe16204.jpg"
764,Kwality Walls The Dairy Factory Butterscotch Ice Cream Tub,135.00,700 ml,"https://cdn.zeptonow.com/production/tr:w-640,ar-1200-1200,pr-true,f-auto,q-80/cms/product_variant/e90cdaec-14ce-4595-bef7-1b48908f9f59.jpeg"
765,Amul Chocochip Ice Cream Tub,230.00,1 L,"https://cdn.zeptonow.com/production/tr:w-640,ar-1200-1200,pr-true,f-auto,q-80/cms/product_variant/db6decb4-3e30-4611-b9d7-c902e2a50ee2.jpeg"
766,Amul Gold Butterscotch Ice Cream Tub,260.00,1 L,"https://cdn.zeptonow.com/production/tr:w-640,ar-1200-1200,pr-true,f-auto,q-80/cms/product_variant/45224eee-6755-4b5a-9398-570c420ae007.jpeg"
767,Cream Bell Caramel Butterscotch Ice Cream Tub,200.00,750 ml,"https://cdn.zeptonow.com/production/tr:w-640,ar-900-900,pr-true,f-auto,q-80/cms/product_variant/96445d64-f9f0-449a-97f7-28e41042f11f.jpeg"
768,Kwality Walls The Dairy Factory Vanilla Ice Cream Tub,113.00,700 ml,"https://cdn.zeptonow.com/production/tr:w-640,ar-1200-1200,pr-true,f-auto,q-80/cms/product_variant/fdde0633-c33b-4489-9d7c-7ac99d615104.jpeg"
769,Kwality Walls The Dairy Factory Chocochips Ice Cream Tub,165.00,700 ml,"https://cdn.zeptonow.com/production/tr:w-640,ar-1200-1200,pr-true,f-auto,q-80/cms/product_variant/324d7a81-1b42-4137-9414-f8c72b7930c4.jpeg"
770,Hocco Choco Brownie Ice Cream Tub,223.00,750 ml,"https://cdn.zeptonow.com/production/tr:w-640,ar-2400-2400,pr-true,f-auto,q-80/cms/product_variant/f5fa5697-83f0-46e1-aa2a-ba9ca6bd36fb.jpg"
771,Cream Pot Vanilla Tub,167.00,1 L,"https://cdn.zeptonow.com/production/tr:w-640,ar-2400-2400,pr-true,f-auto,q-80/cms/product_variant/aa2e4582-d5f4-47aa-b0ae-deddb3b68cd1.jpeg"
772,Amul Gold Vanilla Ice Cream Tub,230.00,1 L,"https://cdn.zeptonow.com/production/tr:w-640,ar-1000-1000,pr-true,f-auto,q-80/cms/product_variant/63750a25-102c-4d0e-963e-34de749ea039.jpeg"
773,Cream Pot Butterscotch Tub,193.00,1 L,"https://cdn.zeptonow.com/production/tr:w-640,ar-2400-2400,pr-true,f-auto,q-80/cms/product_variant/c27a06d2-5887-4fb5-a313-d4f5fcd9c947.jpeg"
774,Kwality Walls The Dairy Factory Alphonso Mango Ice Cream Tub,135.00,700 ml,"https://cdn.zeptonow.com/production/tr:w-640,ar-1200-1200,pr-true,f-auto,q-80/cms/product_variant/29433b71-5aec-4a44-a025-98697b093690.jpeg"
775,Amul Gold Cookies & Cream Ice Cream Tub,260.00,1 L,"https://cdn.zeptonow.com/production/tr:w-640,ar-500-500,pr-true,f-auto,q-80/cms/product_variant/70038c39-593a-4b32-94be-385a46cae976.jpg"
776,Cream Pot Mango Tub,193.00,1 L,"https://cdn.zeptonow.com/production/tr:w-640,ar-2400-2400,pr-true,f-auto,q-80/cms/product_variant/a987dfdf-743c-4f6a-a1da-fc6c9a4db12d.jpeg"
777,Amul Rajbhog Ice Cream Tub,300.00,1 L,"https://cdn.zeptonow.com/production/tr:w-640,ar-1200-1200,pr-true,f-auto,q-80/cms/product_variant/367a9814-5fec-4319-8771-3379fd5e557a.jpeg"
778,Hocco Blueberry Cheesecake Ice Cream Tub,242.00,750 ml,"https://cdn.zeptonow.com/production/tr:w-640,ar-2400-2400,pr-true,f-auto,q-80/cms/product_variant/eb08fb44-87eb-4953-a729-7e1eb6a03a41.jpg"
779,Cream Pot Black Currant Tub,227.00,1 L,"https://cdn.zeptonow.com/production/tr:w-640,ar-2400-2400,pr-true,f-auto,q-80/cms/product_variant/1e7a5c55-72ff-41e6-91c2-2a9e10e89658.jpeg"
780,Cream Pot Strawberry Tub,168.00,1 L,"https://cdn.zeptonow.com/production/tr:w-640,ar-2400-2400,pr-true,f-auto,q-80/cms/product_variant/7d76fd4e-69ed-4b8e-b8e8-2f329451fad0.jpeg"
781,Kwality Wall\'s Oreo And Cream Tub,260.00,700 ml,"https://cdn.zeptonow.com/production/tr:w-640,ar-1200-1200,pr-true,f-auto,q-80/cms/product_variant/bd0759d7-de67-4de2-b6cb-c4157ec49045.jpeg"
782,Cream Pot Chocolate Tub,193.00,1 L,"https://cdn.zeptonow.com/production/tr:w-640,ar-2400-2400,pr-true,f-auto,q-80/cms/product_variant/6ac4fa13-534f-4a9d-b089-3e446d085a08.jpeg"
783,NIC Chocochips Ice Cream Tub,319.00,500 ml,"https://cdn.zeptonow.com/production/tr:w-640,ar-1200-1200,pr-true,f-auto,q-80/cms/product_variant/40628975-e910-4d28-9d72-3dc1587fb4f6.jpeg"
784,Dairy Day Black Currant Ice Cream Tub,153.00,500 g,"https://cdn.zeptonow.com/production/tr:w-640,ar-1200-1200,pr-true,f-auto,q-80/cms/product_variant/dd50a772-e9cd-4fe6-abc3-1da3d9a1d387.jpg"
785,Dairy Day Tutti Frutti Ice Cream Tub,135.00,500 ml,"https://cdn.zeptonow.com/production/tr:w-640,ar-1200-1200,pr-true,f-auto,q-80/cms/product_variant/8920bdc5-0b87-4ded-8d74-623a2b002cf3.jpg"
786,Dairy Day Vanilla Ice Cream Tub,122.00,500 ml,"https://cdn.zeptonow.com/production/tr:w-640,ar-2400-2400,pr-true,f-auto,q-80/cms/product_variant/d5930adc-8ee3-4e9b-a28d-8897d4bfa386.jpeg"
787,Amul Gold King Alphonso Ice Cream Tub,260.00,1 L,"https://cdn.zeptonow.com/production/tr:w-640,ar-1200-1200,pr-true,f-auto,q-80/cms/product_variant/cee10af9-ab17-440d-81b7-04a4c0f42c7d.jpeg"
788,Dairy Day Pistachio Premium Ice Cream Tub,180.00,500 ml,"https://cdn.zeptonow.com/production/tr:w-640,ar-1200-1200,pr-true,f-auto,q-80/cms/product_variant/79413987-941a-480b-b333-c3ad451fc2c8.jpg"
789,Amul Gold Caramel Chocolate Ice Cream Tub,260.00,1 L,"https://cdn.zeptonow.com/production/tr:w-640,ar-1021-1021,pr-true,f-auto,q-80/cms/product_variant/a610e181-1efd-4fee-8df8-ca33ca78d49e.jpeg"
790,Dairy Day Crunchy Butter Scotch Premium Ice Cream Tub,144.00,500 ml,"https://cdn.zeptonow.com/production/tr:w-640,ar-1200-1200,pr-true,f-auto,q-80/cms/product_variant/42158f9b-e2e1-44ac-8cfb-48cf902f2481.jpg"
791,Kwality Wall\'s Choco Brownie Fudge Tub,260.00,700 ml,"https://cdn.zeptonow.com/production/tr:w-640,ar-1200-1200,pr-true,f-auto,q-80/cms/product_variant/1e600cd5-6475-48d1-b5e7-bfa89cfbbb7c.jpeg"
792,Kwality Wall\'s Cadbury Crackle Tub,300.00,700 ml,"https://cdn.zeptonow.com/production/tr:w-640,ar-1200-1200,pr-true,f-auto,q-80/cms/product_variant/15963791-97db-4bc3-9539-f9f895931da8.jpeg"
793,NIC Tender Coconut Ice Cream Tub,319.00,500 ml,"https://cdn.zeptonow.com/production/tr:w-640,ar-1200-1200,pr-true,f-auto,q-80/cms/product_variant/03f7cd51-06ff-4ae2-af20-148f5c2d44bf.jpeg"
794,Amul Ice Lounge Belgian Chocolate Ice Cream Tub,400.00,500 ml,"https://cdn.zeptonow.com/production/tr:w-640,ar-4167-4167,pr-true,f-auto,q-80/cms/product_variant/6da99ed3-cfaa-499a-8b42-80df1b3f0677.jpeg"
795,Kwality Wall\'s Hazelnut Chocolate Ice Cream Tub,267.00,500 ml,"https://cdn.zeptonow.com/production/tr:w-640,ar-1200-1200,pr-true,f-auto,q-80/cms/product_variant/2675d688-b5e0-4afe-a7e8-a3a5403798ac.jpeg"
796,Dairy Day New Triple Bar Ice Cream Stick,40.00,70 ml,"https://cdn.zeptonow.com/production/tr:w-640,ar-1200-1200,pr-true,f-auto,q-80/cms/product_variant/11bd5dd5-4e71-4bf5-ae29-7393e9cc18b6.jpeg"
797,Amul Gold Epic Almond Ice Cream Stick,100.00,80 ml,"https://cdn.zeptonow.com/production/tr:w-640,ar-900-900,pr-true,f-auto,q-80/cms/product_variant/1335a904-40a7-4b3c-8e45-13f9c9cb2393.jpg"
798,Amul Gold Frostik Ice Cream Stick,45.00,70 ml,"https://cdn.zeptonow.com/production/tr:w-640,ar-3000-3000,pr-true,f-auto,q-80/cms/product_variant/1fd2e505-2436-42bd-a7ab-c3479c0d3c2b.jpg"
799,Kwality Walls Magnum Pistachio Ice Cream Stick,90.00,61 g,"https://cdn.zeptonow.com/production/tr:w-640,ar-5000-5000,pr-true,f-auto,q-80/cms/product_variant/e5ccde46-66d9-46a4-b371-cb541b1b1e2c.jpeg"
800,Havmor Zulubar Ice Cream Candy Stick,50.00,80 ml,"https://cdn.zeptonow.com/production/tr:w-640,ar-2400-2400,pr-true,f-auto,q-80/cms/product_variant/c73e532b-d3bd-482f-b4d9-699024fadad2.jpg"
2,The Belgian Crisps Double Choco Waffle Wafers | Artificial Colour-free,109.00,1 pack (85 g),"https://cdn.zeptonow.com/production/tr:w-403,ar-1200-1200,pr-true,f-auto,q-80/cms/product_variant/2b2979c2-fc40-4905-a056-2aff45b9dc39.jpeg"
3,Fabelle The Bars Trilogy,1191.00,1 pack (386 g),"https://cdn.zeptonow.com/production/tr:w-403,ar-500-500,pr-true,f-auto,q-80/cms/product_variant/73170dbd-2cf9-42b5-8c2d-6d3b50e7691d.jpeg"
4,The Belgian Waffle Co Classic Chocolate Wafers | Preservative-free,106.00,1 pack (85 g),"https://cdn.zeptonow.com/production/tr:w-403,ar-1200-1200,pr-true,f-auto,q-80/cms/product_variant/02631080-67a2-48b6-8133-e88f1a04d9cd.jpeg"
5,Amul Dark Chocolate Bar,200.00,1 pc (150 g),"https://cdn.zeptonow.com/production/tr:w-403,ar-1500-1500,pr-true,f-auto,q-80/cms/product_variant/b1c1dd9e-9d9d-41ec-a793-699656f475fd.jpeg"
6,Nova Nova Assorted Nutty Chocolate Truffles Gift Box,354.00,1 pack (117 g),"https://cdn.zeptonow.com/production/tr:w-403,ar-1200-1200,pr-true,f-auto,q-80/cms/product_variant/f3bfd383-800f-4a61-a31c-ff57f1c120a2.jpg"
7,Hershey's Kisses Moments Chocolate Gift pack,431.00,1 pack (166.5 g),"https://cdn.zeptonow.com/production/tr:w-403,ar-1000-1000,pr-true,f-auto,q-80/cms/product_variant/fde20299-1bad-453f-b4e3-7d1b75818b7f.jpeg"
8,Amul India Twilight Tryst 55% Dark Chocolate Bar,190.00,1 pack (125 g),"https://cdn.zeptonow.com/production/tr:w-403,ar-1500-1500,pr-true,f-auto,q-80/cms/product_variant/84a41a57-c98a-41d1-a451-87411a2f607b.jpg"
9,Toblerone Black Chocolate,1032.00,1 pc (360 g),"https://cdn.zeptonow.com/production/tr:w-403,ar-2400-2400,pr-true,f-auto,q-80/cms/product_variant/a69eb81a-49ab-4982-94af-4721cff9302b.jpeg"
10,The Whole Truth 71% Dark Chocolate,318.00,1 pack (80 g),"https://cdn.zeptonow.com/production/tr:w-403,ar-2000-2000,pr-true,f-auto,q-80/cms/product_variant/b162fa87-9cbf-43b1-807d-56b7102a34cb.jpeg"
11,Nova Nova Chocolate Almond Brittle Gift Box,443.00,1 pack (135 g),"https://cdn.zeptonow.com/production/tr:w-403,ar-2500-2500,pr-true,f-auto,q-80/cms/product_variant/a951e567-16e1-4cab-bbc9-cccda6c6dc6b.jpg"
12,Nova Nova Chocolate Almond Florentine Gift Box,443.00,1 pack (135 g),"https://cdn.zeptonow.com/production/tr:w-403,ar-1200-1200,pr-true,f-auto,q-80/cms/product_variant/21593ea4-365a-44e0-93b2-e6dfa8beb2f7.jpg"
13,The Whole Truth Orange Dark Chocolate,325.00,1 pack (80 g),"https://cdn.zeptonow.com/production/tr:w-403,ar-2000-2000,pr-true,f-auto,q-80/cms/product_variant/a85ca0dc-0e0e-4d21-93cd-5b085c9e3318.jpeg"
14,Cadbury Studio Assorted Flavours Signature Pralines Chocolate Gift Pack,1000.00,1 pack (18 x 13 g),"https://cdn.zeptonow.com/production/tr:w-403,ar-1100-1100,pr-true,f-auto,q-80/cms/product_variant/8c14e5a8-4e45-4abb-be26-3ddbfc9977d6.jpeg"
15,The Whole Truth 55% Dark Chocolate,325.00,1 pc (80 g),"https://cdn.zeptonow.com/production/tr:w-403,ar-2000-2000,pr-true,f-auto,q-80/cms/product_variant/f92da22b-4fcd-4d11-9bec-66e03e5275e1.jpeg"
16,The Whole Truth Sea Salt Dark Chocolate,325.00,1 pc (80 g),"https://cdn.zeptonow.com/production/tr:w-403,ar-2000-2000,pr-true,f-auto,q-80/cms/product_variant/1c9624aa-e7e2-44aa-815e-efd8ed8af982.jpeg"
17,Snickers Minis Chocolate Pack Loaded with Peanuts Nougat & Caramel,167.00,1 pack (12 x 11.5 g),"https://cdn.zeptonow.com/production/tr:w-403,ar-1000-1000,pr-true,f-auto,q-80/cms/product_variant/3f83d611-8337-47a5-b087-767548e8cf20.png"
18,Luvit Dark Compound Chocolate,311.00,1 pack (500 g),"https://cdn.zeptonow.com/production/tr:w-403,ar-1200-1200,pr-true,f-auto,q-80/cms/product_variant/36fc3c38-757f-4b7a-9035-e0142534944e.jpg"
19,Cadbury Dairy Milk Chocolate Bar,112.00,1 pc (112 g),"https://cdn.zeptonow.com/production/tr:w-403,ar-1100-1100,pr-true,f-auto,q-80/cms/product_variant/d63f18c4-ec28-4a68-a974-91a897098a31.jpeg"
20,Darkins 70% Dark Chocolate - Cranberry & Chilli,250.00,1 pc (50 g),"https://cdn.zeptonow.com/production/tr:w-403,ar-1000-1000,pr-true,f-auto,q-80/cms/product_variant/bbb38e7d-e4ed-4e5b-9525-786642bf07ec.jpeg"
21,Cadbury Dairy Milk Roast Almond Chocolate Bar,55.00,1 pc (36 g),"https://cdn.zeptonow.com/production/tr:w-403,ar-1100-1100,pr-true,f-auto,q-80/cms/product_variant/14090363-4588-4172-bd74-c936a238ea04.jpeg"
22,Cadbury Dairy Milk Fruit & Nut Chocolate Bar,53.00,1 pc (36 g),"https://cdn.zeptonow.com/production/tr:w-403,ar-1100-1100,pr-true,f-auto,q-80/cms/product_variant/0e429b2e-4e61-4a3f-ab82-4cfce54877a3.jpeg"
23,Lo Foods Dark Chocolate Bar Hazelnut Premium Sugar Free Chocolate Rich Healthy Chocolates,178.00,1 pc (40 g),"https://cdn.zeptonow.com/production/tr:w-403,ar-2000-2000,pr-true,f-auto,q-80/cms/product_variant/a619be8f-464c-41c1-8182-ea943b6e9b52.jpeg"
24,Darkins 70% Dark Chocolate - Blueberry,250.00,1 pc (50 g),"https://cdn.zeptonow.com/production/tr:w-403,ar-1500-1500,pr-true,f-auto,q-80/cms/product_variant/b3edbc57-f133-4a84-8c7a-15315d5cc973.jpeg"
25,Darkins 63% Dark Chocolate - Orange,250.00,1 pack (50 g),"https://cdn.zeptonow.com/production/tr:w-403,ar-1000-1000,pr-true,f-auto,q-80/cms/product_variant/3817d9f6-2881-4f4d-bd8c-6fc1567f46d0.jpeg"
26,Cadbury Temptations Rum & Raisins Premium Chocolate Bar,121.00,1 pack (70 g),"https://cdn.zeptonow.com/production/tr:w-403,ar-1100-1100,pr-true,f-auto,q-80/cms/product_variant/81027564-8a1e-409e-980d-dccd0a6962c8.jpeg"
27,Cadbury Bournville Rich Cocoa 70% Dark Chocolate Bar,125.00,1 pc (75 g),"https://cdn.zeptonow.com/production/tr:w-403,ar-1100-1100,pr-true,f-auto,q-80/cms/product_variant/bfb2e94e-2d3f-41c7-8463-2b9a9ceb7afe.jpeg"
28,Cadbury Dairy Milk Crackle Chocolate Bar,54.00,1 pc (36 g),"https://cdn.zeptonow.com/production/tr:w-403,ar-1100-1100,pr-true,f-auto,q-80/cms/product_variant/68622ce1-9ce8-49df-b45f-f2b9f9f07292.jpeg"
29,Cadbury Nutties Chocolate Pack,49.00,1 pc (30 g),"https://cdn.zeptonow.com/production/tr:w-403,ar-1600-1600,pr-true,f-auto,q-80/cms/product_variant/60b049f5-293d-4f04-aedb-a9c69463ff4a.jpeg"
30,Amul Chocominis Chocolate,140.00,1 pack (250 g),"https://cdn.zeptonow.com/production/tr:w-403,ar-1200-1200,pr-true,f-auto,q-80/cms/product_variant/243fc502-4954-4e20-8f1b-ff848de90911.jpg"
31,Nova Nova Chocolate Fudge Gift Box,266.00,1 pack (100 g),"https://cdn.zeptonow.com/production/tr:w-403,ar-2500-2500,pr-true,f-auto,q-80/cms/product_variant/be84d752-a00f-44f2-8840-57286749b02a.jpg"
32,Cadbury Dairy Milk Minis Home Treats Chocolate,161.00,1 pack (20 x 7 g),"https://cdn.zeptonow.com/production/tr:w-403,ar-1100-1100,pr-true,f-auto,q-80/cms/product_variant/d6b5d369-a3f0-4a47-8d5b-d8b8fe4b563b.jpeg"
33,Cadbury Bournville Fruit & Nut 50% Dark Chocolate Bar,122.00,1 pc (75 g),"https://cdn.zeptonow.com/production/tr:w-403,ar-1100-1100,pr-true,f-auto,q-80/cms/product_variant/c0c02818-8b7a-486e-b834-22e6783d4d60.jpeg"
34,Lindt Lindor Smooth Melting Assorted Chocolates Cornet,1148.00,1 pack (200 g),"https://cdn.zeptonow.com/production/tr:w-403,ar-2400-2400,pr-true,f-auto,q-80/cms/product_variant/c61318fa-e989-43dc-894e-facbf9d4fe4a.jpeg"
35,Lindt Exotic Milk Cornet Chocolate,1143.00,1 pack (200 g),"https://cdn.zeptonow.com/production/tr:w-403,ar-1200-1200,pr-true,f-auto,q-80/cms/product_variant/10437c77-c948-4e35-b88e-d5579d8b2025.jpeg"
36,Fabelle Gianduja Trilogy- Assorted Luxury Handcrafted Chocolate Box,1513.00,1 pack (144 g),"https://cdn.zeptonow.com/production/tr:w-403,ar-540-540,pr-true,f-auto,q-80/cms/product_variant/41ff3c64-3b1b-4604-ba8d-d5c93c29f3d3.jpeg"
37,Fabelle Elements Pralines - 5 Handcrafted Dark Chocolates,671.00,1 pack (5 pcs),"https://cdn.zeptonow.com/production/tr:w-403,ar-1200-1200,pr-true,f-auto,q-80/cms/product_variant/3055ab45-671d-406a-8d82-1a4d5d0f2648.jpeg"
38,Ferrero Rocher Gift Pack,863.00,1 pack (24 pcs),"https://cdn.zeptonow.com/production/tr:w-403,ar-1280-1280,pr-true,f-auto,q-80/cms/product_variant/9828a60d-69c6-48a4-8220-7fc653fa3721.jpeg"
39,Ferrero Rocher Gift Pack,527.00,1 pack (200 g),"https://cdn.zeptonow.com/production/tr:w-403,ar-1280-1280,pr-true,f-auto,q-80/cms/product_variant/953a42ab-5ac8-4633-a367-3bc7a6b71062.jpeg"
40,Lindt Lindor Gift Box Milk,479.00,1 pack (8 x 12.5 g),"https://cdn.zeptonow.com/production/tr:w-403,ar-1500-1500,pr-true,f-auto,q-80/cms/product_variant/41a98a12-ce77-4fd8-a04b-5196fb7ab2f7.jpeg"
41,"Open Secret Celebration Chocolate Gift Box | Pack of 12 Cookies| Healthy Snacks, No Maida",286.00,1 pack (12 x 12.5 g),"https://cdn.zeptonow.com/production/tr:w-403,ar-2000-2000,pr-true,f-auto,q-80/cms/product_variant/e4142926-aef8-4341-8a8c-e95a730ba7e9.jpg"
42,Choki Choki Choco Milk Stick Pouch,111.00,1 pack (50 pcs),"https://cdn.zeptonow.com/production/tr:w-403,ar-2400-2400,pr-true,f-auto,q-80/cms/product_variant/c073487e-e6cc-4ba7-a973-4e5797246341.jpeg"
43,Toblerone Swiss Milk Chocolate,369.00,1 pack (100 g),"https://cdn.zeptonow.com/production/tr:w-403,ar-2400-2400,pr-true,f-auto,q-80/cms/product_variant/4f17d602-6663-4b9c-bbe4-b63c1ee9c51a.jpeg"
44,Chokola 54% Sugar Free Dark Chocolate,608.00,1 pc (80 g),"https://cdn.zeptonow.com/production/tr:w-403,ar-1200-1200,pr-true,f-auto,q-80/cms/product_variant/ea1ef397-1012-433e-b4f9-9af8d30691f6.jpg"
45,Toblerone Swiss Dark Chocolate With Honey & Almond Nougat,397.00,1 pc (100 g),"https://cdn.zeptonow.com/production/tr:w-403,ar-1500-1500,pr-true,f-auto,q-80/cms/product_variant/677dd8b7-3e72-4557-b97c-f8a74ba9e245.jpg"
46,Kinder Bueno,121.00,1 pack (43 g),"https://cdn.zeptonow.com/production/tr:w-403,ar-1200-1200,pr-true,f-auto,q-80/cms/product_variant/3d07e1b2-a427-4b16-9191-b881890fb4c9.jpg"
47,Kinder Bueno,336.00,1 pack (3 x 43 g),"https://cdn.zeptonow.com/production/tr:w-403,ar-1000-1000,pr-true,f-auto,q-80/cms/product_variant/fb96a3de-5e38-4bf3-aea9-82ac7821dc39.jpeg"
48,Maltesers Chocolate,167.00,1 pack (37 g),"https://cdn.zeptonow.com/production/tr:w-403,ar-550-550,pr-true,f-auto,q-80/inventory/product/c7bcc9c5-6a07-4d7d-9ae0-32f9a5878ef1-Photo.jpeg"
49,Chokola 75% Signature Noir Dark Chocolate,423.00,1 pc (80 g),"https://cdn.zeptonow.com/production/tr:w-403,ar-1200-1200,pr-true,f-auto,q-80/cms/product_variant/fdfd3f2b-bb7c-48cf-842a-40e264466d2f.jpg"
50,Godiva 90% Cocoa Dark Chocolate,591.00,1 pc (90 g),"https://cdn.zeptonow.com/production/tr:w-403,ar-1500-1500,pr-true,f-auto,q-80/cms/product_variant/8a7a0242-ecd8-411c-94d0-bb1a4358bf3a.jpg"
51,Twix Minis Cookie Caramel Chocolate Pack,167.00,1 pack (5 x 20 g),"https://cdn.zeptonow.com/production/tr:w-403,ar-1000-1000,pr-true,f-auto,q-80/cms/product_variant/ba9b0bd0-9205-43dd-ae04-132cef814312.jpeg"
52,Twix Cookie Caramel Chocolate Bar,61.00,1 pc (50 g),"https://cdn.zeptonow.com/production/tr:w-403,ar-1000-1000,pr-true,f-auto,q-80/cms/product_variant/42d13f33-79b9-4eb0-891a-011cd1357a22.jpeg"
53,Lindt Excellence Orange Intense Dark Chocolate,583.00,1 pack (100 g),"https://cdn.zeptonow.com/production/tr:w-403,ar-2400-2400,pr-true,f-auto,q-80/cms/product_variant/596078cf-1fdc-4298-8b92-741a3008cb50.jpg"
54,Godiva Signature 72% Cacao Dark Chocolate,561.00,1 pc (90 g),"https://cdn.zeptonow.com/production/tr:w-403,ar-2400-2400,pr-true,f-auto,q-80/cms/product_variant/5bc1cf95-d082-482a-9d0e-86496a2f7537.jpg"
55,M&M Peanut Single,131.00,1 pc (45 g),"https://cdn.zeptonow.com/production/tr:w-403,ar-2400-2400,pr-true,f-auto,q-80/cms/product_variant/0be90ce9-c58f-4e5b-9b70-103c45fc775b.jpg"
56,Hershey's Exotic Dark - Gift Pack,152.00,1 pack (87 g),"https://cdn.zeptonow.com/production/tr:w-403,ar-1000-1000,pr-true,f-auto,q-80/cms/product_variant/9b3db498-2d78-4da7-8d7e-ff6a68421d91.jpeg"
57,Godiva Signature Sea Salt Dark Chocolate,500.00,1 pc (90 g),"https://cdn.zeptonow.com/production/tr:w-403,ar-2400-2400,pr-true,f-auto,q-80/cms/product_variant/ad59171f-f9d7-46af-a322-66d5bf661b55.jpeg"
58,Chokola 45% Raspberry Chocolate Minis,446.00,1 pc (100 g),"https://cdn.zeptonow.com/production/tr:w-403,ar-1200-1200,pr-true,f-auto,q-80/cms/product_variant/b51c1d67-10cd-4fd5-8b8a-d2bb71b51b66.jpeg"
59,Godiva Salted Caramel Belgian Milk Chocolate,569.00,1 pc (90 g),"https://cdn.zeptonow.com/production/tr:w-403,ar-2400-2400,pr-true,f-auto,q-80/cms/product_variant/045f28a4-d655-45d2-be6e-1b2e69ef6d0f.jpeg"
60,Cadbury Celebrations Premium Selections Assorted Chocolate Gift Pack,431.00,1 pack (296 g),"https://cdn.zeptonow.com/production/tr:w-403,ar-1100-1100,pr-true,f-auto,q-80/cms/product_variant/3b609b02-64a6-4bf5-b5d4-7eac65f535db.jpeg"
61,Wedel Dark Chocolate With Espresso Filling Bar,368.00,1 pc (100 g),"https://cdn.zeptonow.com/production/tr:w-403,ar-2000-2000,pr-true,f-auto,q-80/cms/product_variant/e6daf670-41fa-4014-8304-28dbee68e290.jpg"
62,Cadbury Bournville Dark Chocolate Assorted Collection Gift Pack,420.00,1 pack (228 g),"https://cdn.zeptonow.com/production/tr:w-403,ar-1100-1100,pr-true,f-auto,q-80/cms/product_variant/8795ee3c-eca7-4cf0-95e5-56fc7698f43e.jpeg"
63,Godiva Dark Chocolate Blood Orange Tablet Bar,501.00,1 pc (90 g),"https://cdn.zeptonow.com/production/tr:w-403,ar-1500-1500,pr-true,f-auto,q-80/cms/product_variant/ee7ebab4-c8ac-4d40-a589-eab9577297b1.jpeg"
64,Godiva Milk Chocolate Rich & Creamy,571.00,1 pc (90 g),"https://cdn.zeptonow.com/production/tr:w-403,ar-2400-2400,pr-true,f-auto,q-80/cms/product_variant/37936f8b-5b88-4fab-8bf2-fbdb6dbff6e3.jpeg"
65,Mr Beast Feastables Peanut Butter Chocolate,438.00,1 pc (60 g),"https://cdn.zeptonow.com/production/tr:w-403,ar-1500-1500,pr-true,f-auto,q-80/cms/product_variant/2d82137a-eb3d-4fa6-ba9c-e42adf2a8a4a.jpeg"